<sgui>
<Style>
.widget {
	width:100;
	height:100;
	bkg_color:random();
	enable_mouse:true;
}

.widget:hover{
	bkg_color:blue;
}
.widget:normal{
	bkg_color:random();
}
.widget:pushed{
	bkg_color:darkblue;
}


.label{
	width:100%;
	height:50;
	padding:5;
	halign:center;
	valign:center;
	ellipsis:...;
	color:black;
	font_families:RobotoMono;
	font_weight:bold;
	font_style:italic;
}
</Style>

<Style file="test.css"/>
<Template file="titlebar.xml"/>
<Template file="template.xml"/>

<FlexLayout style="color:white;flex_direction:column;flex_wrap:wrap;">
	<SysTitleBar/>
	<Label class="title">432143214</Label>
	
	<FlexLayout style="color:white;flex_direction:row;visible:true;flex_wrap:wrap;">
		<Label class="label" id="text">affdsa fdsa</Label>

		<FlatButton style="title#text:弹窗;" id="popup"/>
		<AnimationLayout style="width:100;height:100;duration:300;auto_start:true;">
			<Animations>
				<AlphaAnimation from="0" to="1"/>
				<ScaleAnimation from="0" to="1"/>
			</Animations>
			<Image style="image:asset://dog.jpg;"/>
		</AnimationLayout>
		<Icon class="widget" style="code:0xe65e;font_families:MaterialIcons;icon_size:30;"/>
		<Text style="flex:1">
			<TextSpan style="color:red;">哈哈</TextSpan>
			<WidgetSpan>
				<Image style="image:asset://dog.jpg;width:100;height:100"/>
			</WidgetSpan>
			<TextSpan style="color:red;">哈哈</TextSpan>
		</Text>
	</FlexLayout>
	

</FlexLayout>
</sgui>
