<sgui>
<Style>
.widget {
	width:100;
	height:100;
	bkg_color:random();
	enable_mouse:true;
}

.widget:hover{
	bkg_color:red;
}
.widget:normal{
	bkg_color:random();
}
.widget:pushed{
	bkg_color:yellow;
}
</Style>

<Template file="template.xml"/>

<Layout style="bkg_color:rgba(80,80,80,0.8);">
	<FloatLayout style="width:300;height:300;x:center;y:center">
		<FlexLayout style="bkg_color:white;flex_direction:column;enable_clip:true;clip_round_x:6;clip_round_y:6;">
			<FlexLayout style="align_items:center;flex_direction:row;visible:true;">
				<Label style="auto_size:true;padding_left:5;color:black" id="text">标题</Label>
				<Widget style="flex:1"/>
				<CloseButton id="close"/>
			</FlexLayout>
			
			<ScrollLayout style="flex:1;scroll_direction:vertical;" scrollbar_style="padding:2;width:15">
				<Widget class="widget" id="1"/>
				<Widget class="widget" id="2"/>
				<Widget class="widget" id="2"/>
				<Widget class="widget" id="2"/>
				<Widget class="widget" id="2"/>
				<Widget class="widget" id="2"/>
				<Widget class="widget" id="2"/>
				<Widget class="widget" id="2"/>
				<Widget class="widget" id="2"/>
				<Widget class="widget" id="2"/>
				<Widget class="widget" id="2"/>
				<Widget class="widget" id="2"/>
				<Widget class="widget" id="2"/>
			</ScrollLayout>
		</FlexLayout>
	</FloatLayout>
</Layout>
</sgui>
