<sgui>
<Style>
.title{
	width:100%;
	height:30;
	halign:center;
	valign:center;
	ellipsis:...;
	font_family:RobotoMono;
	border_color:sys.primary;
	border_bottom:1;
	border_round:5;
	enable_drag:true;
}

#editor{
	width:100%;
	flex:1;
	padding:5;
	hint_text:请输入搜索内容;
	font_family:RobotoMono;
}
</Style>

<Template file="titlebar.xml"/>


<FlexLayout style="bkg_color:white;flex_direction:column;">
	<SysTitleBar/>
	<Label class="title">432143214</Label>
	<TextEdit id="editor"/>
</FlexLayout>
</sgui>
