<sgui>
<Template file="template.xml"/>

<Style>
.widget {
	width:100;
	height:100;
	bkg_color:random();
	enable_mouse:true;
	enable_drag:true;
}

.widget:hover{
	bkg_color:red;
}
.widget:normal{
	bkg_color:random();
}
.widget:pushed{
	bkg_color:darkblue;
}

.icon {
	width:50;
	height:50;
	color:random();
}


.title{
	width:100%;
	height:20;
	halign:center;
	valign:center;
	ellipsis:...;
	font_family:RobotoMono;
	enable_focus:true;
}

#input{
	width:100%;
	height:30;
	hint_text:请输入搜索内容;
	font_family:RobotoMono;
	padding_left:5;
	padding_right:5;
	border_bottom:1;
	border_color:black;
}


Switch{
	bkg_color:#bcc3ccff;
}

Switch:disabled{
	bkg_color:#bcc3cc66;
}

Switch:normal{
	bkg_color:#bcc3ccff;
}

Switch:hover{
	bkg_color:#bcc3cccc;
}

Switch:checked:normal{
	bkg_color:sys.primary;
}

Switch:checked:hover{
	bkg_color:sys.hover;
}

.hline{
	height:1;
	width:100%;
	bkg_color:gray
}

.vline{
	height:100%;
	width:1;
	bkg_color:red
}

</Style>




<FlexLayout style="bkg_color:sys.background;flex_direction:column;">
	<Label class="title">标题</Label>
			
	<FlexLayout style="flex_direction:column;flex:2">
		<TextInput id="input">•••••••🐿️🦟🦧🦓🐋🐖🦎🍂🐝☘️🐹🙏🙏🙏❤🙏🙏🙏❤🙏🙏🙏❤🦇🐽🐆🐥🌵🐭🐙范德萨范德fdsaffdsa fdsa</TextInput>

		<FlexLayout style="flex_direction:row;height:50;align_items:center;justify_content:space-around;">
			<Switch style="width:60;height:30;enable:true"/>
			<FlatButton id="scale1" style="title.text:1倍;"/>
			<FlatButton id="scale1.5" style="title.text:1.5倍;"/>
			<FlatButton id="scale2" style="title.text:2倍;"/>
			<FlatButton id="popup" style="title.text:弹窗;"/>
			<CheckBox style="width=100;"/>
		</FlexLayout>

		<Icon style="width:20;height:20;code_name:arrow-down-short;font_family:bootstrap-icons;"/>
		<Svg style="svg_file:car.svg;width:50%;height:50%;"/>
	</FlexLayout>
	<Widget class="hline"/>
	<FlexLayout style="flex_direction:row;flex:1;justify_content:space-around;align_items:center;">
		<Widget class="widget"/>
		<Widget class="widget"/>
		<Widget class="widget"/>
		<Widget class="widget"/>
	</FlexLayout>
</FlexLayout>
</sgui>
