[   
    {
        "family": "MaterialIcons",
        "fonts": [{
                "asset": "fonts/MaterialIcons.otf",
				"codes": "fonts/MaterialIcons.json"
            }
        ]
    }, {
        "family": "iconfont",
        "fonts": [{
                "asset": "fonts/iconfont.ttf"
            }
        ]
    }, {        
        "family": "Roboto",
        "fonts": [{
                "weight": 100,
                "asset": "fonts/Roboto/Roboto-Thin.ttf"
            }, {
                "weight": 300,
                "asset": "fonts/Roboto/Roboto-Light.ttf"
            }, {
                "weight": 400,
                "asset": "fonts/Roboto/Roboto-Regular.ttf"
            }, {
                "weight": 500,
                "asset": "fonts/Roboto/Roboto-Medium.ttf"
            }, {
                "weight": 700,
                "asset": "fonts/Roboto/Roboto-Bold.ttf"
            }, {
                "weight": 900,
                "asset": "fonts/Roboto/Roboto-Black.ttf"
            }
        ]
    }, {
        "family": "RobotoMono",
        "fonts": [{
                "weight": 100,
                "asset": "fonts/Roboto_Mono/RobotoMono-Thin.ttf"
            }, {
                "weight": 300,
                "asset": "fonts/Roboto_Mono/RobotoMono-Light.ttf"
            }, {
                "weight": 400,
                "asset": "fonts/Roboto_Mono/RobotoMono-Regular.ttf"
            }, {
                "weight": 500,
                "asset": "fonts/Roboto_Mono/RobotoMono-Medium.ttf"
            }, {
                "weight": 700,
                "asset": "fonts/Roboto_Mono/RobotoMono-Bold.ttf"
            }
        ]
    }
]