<sgui>
<Style>
.widget {
	width:100;
	height:100;
	bkg_color:random();
	enable_drag:true;
}


.title{
	width:100%;
	height:20;
	halign:center;
	valign:center;
	ellipsis:...;
	font_family:RobotoMono;
}

Image{
	width:100;
	height:100;
	image:test.jpg;
	use_thumb:true;
	image_fill:fit_center
}
</Style>

<Template file="titlebar.xml"/>

<FlexLayout style="color:white;flex_direction:column;">
	<SysTitleBar/>
	<FlexLayout style="flex_direction:row;flex:1;padding_top:10;">
		<Widget class="widget"/>
	</FlexLayout>
	<ScrollBar style="range:100;value:10;flex:1;"/>
</FlexLayout>
</sgui>
