<sgui>
<Template file="template.xml"/>

<Style>
.widget {
	width:100;
	height:100;
	bkg_color:random();
	enable_mouse:true;
}

.widget:hover{
	bkg_color:red;
}
.widget:normal{
	bkg_color:random();
}
.widget:pushed{
	bkg_color:darkblue;
}

.icon {
	width:50;
	height:50;
	color:random();
}


.title{
	width:100%;
	height:20;
	halign:center;
	valign:center;
	ellipsis:...;
	font_family:RobotoMono;
	enable_focus:true;
}

#input{
	width:100%;
	height:30;
	hint_text:请输入搜索内容;
	font_family:RobotoMono;
	padding_left:5;
	padding_right:5;
	border_bottom:1;
	border_color:black;
}


Switch{
	bkg_color:#bcc3ccff;
}

Switch:disabled{
	bkg_color:#bcc3cc66;
}

Switch:normal{
	bkg_color:#bcc3ccff;
}

Switch:hover{
	bkg_color:#bcc3cccc;
}

Switch:checked:normal{
	bkg_color:theme(primary);
}

Switch:checked:hover{
	bkg_color:theme(light);
}

.hline{
	height:1;
	width:100%;
	bkg_color:gray;
}

.vline{
	height:100%;
	width:1;
	bkg_color:red
}

</Style>




<FlexLayout style="bkg_color:theme(background);flex_direction:column;">
	<Widget class="hline"/>
    <Widget style="height:10"/>
    <Widget class="hline"/>
</FlexLayout>
</sgui>
