<sgui>

<Template file="titlebar.xml"/>

<Style>

SearchInput{
	margin_left:10;
	margin_right:10;
	border:1;
	border_round:5;
}

SearchInput:normal{
	border_color:black;
	icon1#color:black;
	icon2#color:black;
}

SearchInput:focus{
	border_color:sys.primary;	
	icon1#color:sys.primary;
	icon2#color:sys.primary;
}

.widget {
	width:100;
	height:100;
	bkg_color:random();
	enable_drag:true;
}

.card{
	flex_direction:column;
	margin:5;
	padding:8;
	enable_clip:true;
	clip_round:10;
	enable_drag:true;
	enable_mouse:true;
}

.card:normal{
	bkg_color:card_bkg
}

.card:hover{
	bkg_color:card_hover_bkg
}

</Style>

<Template name="SearchInput">
    <FlexLayout style="align_items:center;flex_direction:row;enable_focus:true;">
		<Icon id="icon1" style="code_name:search;font_family:MaterialIcons;icon_size:20;width:25;height:20;"/>
        <TextInput style="flex:1;height:30;hint_text:请输入搜索内容;"/>
		<Button style="width:30">
        	<Icon id="icon2" style="code_name:close;font_family:MaterialIcons;icon_size:20;auto_size:true;"/>
    	</Button>
    </FlexLayout>
</Template>

<FlexLayout style="bkg_color:background;flex_direction:column;">
	<SysTitleBar/>
	<SearchInput />
	<ScrollLayout style="flex:1;scroll_direction:horizontal;padding:10;">
		<FlexLayout style="width:280;flex:1;flex_direction:column;enable_clip:true;clip_round:10;bkg_color:list_bkg;">
			<FlexLayout style="height:30;flex_direction:row;padding_left:10;padding_right:10;">
				<Label style="text:标题;font_weight:bold;valign:center;flex:1;"/>
				<Icon id="icon2" style="code_name:more_horiz;font_family:MaterialIcons;icon_size:20;auto_size:true;color:sys.text"/>
			</FlexLayout>
			<ScrollLayout style="flex:1;scroll_direction:vertical;">
				<FlexLayout class="card">
					<Text style="auto_size:true;font_weight:normal;">ABCDEFGHIJKLMNOPQRSTUVWXYZabcdefghijklmnopqrst</Text>
				</FlexLayout>
				<FlexLayout class="card">
					<Text style="auto_size:true;padding:5;font_weight:normal;enable_focus:true;" id="text2">🦃🌱🦛🐂🐻🐞🐿️🦟🦧🦓🐋🐖🦎🍂🐝☘️🐹🦇🐽🐆🐥🌵🐭🐙<br/>
						<p style="font_families:RobotoMono;">ABCDEFGHIJKLMNOPQRSTUVWXYZabcdefghijklmnopqrst</p><br/>
						<b>科技的快速发展，现在已经是一个技术至上的时代，掌握核心技术就相当于在科技领域占据主导地位。</b>
						<i>因此芯片领域现在是这个时代的重要部分，芯片是电子技术的核心组织。</i>近年来由于美国的打压，我国勉强走上了自主研发芯片的道路，并取得了巨大的成就。在这个领域，美国不止打压中国，俄罗斯也深受其害。<p style="font_weight:bold;">随着美国和俄罗斯之间的矛盾继续加剧，</p>
						<p style="color:red;font_weight:bold;decoration:underline;">美国再次宣布对俄罗斯实施新的制裁。</p>
			<br/>虽然俄罗斯市场上90%的芯片都是进口的，但面对美国在芯片行业的制裁俄罗斯并不怕。既然芯片是欧美手中的王牌，为什么这张王牌对俄罗斯影响不大呢？</Text>

				</FlexLayout>

				<Widget class="widget"/>
			</ScrollLayout>
			<Button style="height:30;align_items:center;flex_direction:row;">
				<Icon style="code_name:add;font_family:MaterialIcons;icon_size:20;auto_size:true;color:black;width:30;"/>
				<Label style="auto_size:true">添加卡片</Label>
			</Button>
		</FlexLayout>

	</ScrollLayout>
</FlexLayout>
</sgui>
