<sgui>
<Style>
.widget {
	width:100;
	height:100;
	bkg_color:random();
	enable_mouse:true;
}

.widget:hover{
	bkg_color:red;
}
.widget:normal{
	bkg_color:random();
}
.widget:pushed{
	bkg_color:yellow;
}
</Style>

<Style file="test.css"/>
<Template file="titlebar.xml"/>


<FlexLayout style="color:white;flex_direction:column;flex_wrap:wrap;">
	<SysTitleBar/>
	
	<ScrollLayout style="flex:1;scroll_direction:vertical" scrollbar_style="padding:2;width:15">
		<Widget class="widget" id="1"/>
		<Widget class="widget" id="2"/>
		<Widget class="widget" id="2"/>
		<Widget class="widget" id="2"/>
		<Widget class="widget" id="2"/>
		<Widget class="widget" id="2"/>
		<Widget class="widget" id="2"/>
		<Widget class="widget" id="2"/>
		<Widget class="widget" id="2"/>
		<Widget class="widget" id="2"/>
		<Widget class="widget" id="2"/>
		<Widget class="widget" id="2"/>
		<Widget class="widget" id="2"/>
		<Widget class="widget" id="1"/>
		<Widget class="widget" id="2"/>
		<Widget class="widget" id="2"/>
		<Widget class="widget" id="2"/>
		<Widget class="widget" id="2"/>
		<Widget class="widget" id="2"/>
		<Widget class="widget" id="2"/>
		<Widget class="widget" id="2"/>
		<Widget class="widget" id="2"/>
		<Widget class="widget" id="2"/>
		<Widget class="widget" id="2"/>
		<Widget class="widget" id="2"/>
		<Widget class="widget" id="2"/>		
	</ScrollLayout>
</FlexLayout>
</sgui>
