<sgui>
<Style>
.widget {
	width:100;
	height:100;
	bkg_color:random();
	enable_drag:true;
}


.title{
	width:100%;
	height:20;
	halign:center;
	valign:center;
	ellipsis:...;
	font_family:RobotoMono;
}

Image{
	width:100;
	height:100;
	image:test.jpg;
	use_thumb:true;
	image_fill:fit_center
}

TabBarItem{
	width:100;
	height:100%;
	bkg_color:red;
}

TabBarItem:selected{
	bkg_color:green;
	title.color:white;
}

TabBarItem:!selected{
	bkg_color:red;
	title.color:black;
}

</Style>

<Template file="titlebar.xml"/>

<FlexLayout style="color:white;flex_direction:column;">
	<SysTitleBar/>
	<TabBar style="border:1;border_color:red;height:30;flex_direction:row;">
		<TabBarItem style="selected:true;">
			<Label class="title" style="flex:1;halign:center;valign:center;">选择1</Label>
		</TabBarItem>
		<TabBarItem>
			<Label class="title" style="flex:1;halign:center;valign:center;">选择2</Label>
		</TabBarItem>
		<TabBarItem>
			<Label class="title" style="flex:1;halign:center;valign:center;">选择3</Label>
		</TabBarItem>			
	</TabBar>
	<FlexLayout style="flex_direction:row;flex:1;padding_top:10;">
		<Widget class="widget"/>
	</FlexLayout>
	<ScrollBar style="range:100;value:10;flex:1;"/>
</FlexLayout>
</sgui>
