<sgui>


<Style>
FlatButton{
	width:100;
	height:30;
	margin:1;
	enable_clip:true;
	clip_round_x:10;
	clip_round_y:10;
	align_items:center;
	justify_content:center;
	flex_direction:row;
	title#color:white;
}

FlatButton:normal{
	bkg_color:sys.primary;
}

FlatButton:hover{
	bkg_color:sys.hover;
}

FlatButton:pushed{
	bkg_color:sys.pushed;
}

.buttontitle{
	auto_size:true;
	font_family:RobotoMono;
}
</Style>

<Template name="FlatButton">
    <Button style="align_items:center;">
        <Label id="title" class="buttontitle">按钮</Label>
    </Button>
</Template>


<Style>
CloseButton{
	width:30;
	height:30;
	align_items:center;
	justify_content:center;
}

CloseButton:normal{
	bkg_color:clear;
	icon#color:rgb(80,80,80);
}

CloseButton:hover{
	bkg_color:red;
	icon#color:white;
}

CloseButton:pushed{
	bkg_color:darkred;
}
</Style>
<Template name="CloseButton">
    <Button>
        <Icon id="icon" style="code_name:close;font_family:MaterialIcons;icon_size:30;auto_size:true;color:white;"/>
    </Button>
</Template>


<Style>
CheckBox{
	height:25;
	width:100;
	flex_direction:row;
	align_items:center;
}

CheckBox:normal{
	icon#code_name:check_box;
	icon#color:sys.primary;
}

CheckBox:hover{
	icon#code_name:check_box;
	icon#color:sys.hover;
}

CheckBox:pushed{
	icon#code_name:check_box;
	icon#color:sys.pushed;
}

CheckBox:selected:normal{
	icon#code_name:check_box_outline_blank;
	icon#color:sys.primary;
}

CheckBox:selected:hover{
	icon#code_name:check_box_outline_blank;
	icon#color:sys.hover;
}

CheckBox:selected:pushed{
	icon#code_name:check_box_outline_blank;
	icon#color:sys.pushed;
}

</Style>

<Template name="CheckBox">
    <ToggleButton>
		<Icon id="icon" style="font_family:MaterialIcons;auto_size:true;icon_size:25;"/>
        <Label id="title" style="auto_size:true;">开启</Label>
    </ToggleButton>
</Template>

</sgui>
