<sgui>

<Style>

.titlebar{
	flex_direction:row;
	height:30;
}

.sys_title{
	valign:center;
	padding_left:10;
}

SysMinButton{
	width:30;
	height:100%;
	align_items:center;
	justify_content:center;	
}

SysMinButton:normal{
	bkg_color:clear;
	icon#color:rgb(80,80,80);
}

SysMinButton:hover{
	bkg_color:#ccccccff;
	icon#color:white;
}


SysMaxButton{
	width:30;
	height:100%;
	align_items:center;
	justify_content:center;	
}

SysMaxButton:normal{
	bkg_color:clear;
	icon#color:rgb(80,80,80);
}

SysMaxButton:hover{
	bkg_color:#ccccccff;
	icon#color:white;
}

SysMaxButton:selected:normal{
	bkg_color:clear;
	icon#color:rgb(80,80,80);
}

SysMaxButton:selected:hover{
	bkg_color:#ccccccff;
	icon#color:white;
}

SysMaxButton:selected{
	icon#code:58958;
}
SysMaxButton:!selected{
	icon#code:58957;
}

SysCloseButton{
	width:30;
	height:100%;
	align_items:center;
	justify_content:center;
}

SysCloseButton:normal{
	bkg_color:clear;
	icon#color:rgb(80,80,80);
}

SysCloseButton:hover{
	bkg_color:red;
	icon#color:white;
}
</Style>

<Template name="SysMinButton">
    <Button>
        <Icon id="icon" style="code:58956;font_family:iconfont;icon_size:12;auto_size:true;color:rgb(80,80,80);"/>
    </Button>
</Template>

<Template name="SysMaxButton">
    <ToggleButton>
        <Icon id="icon" style="code:58957;font_family:iconfont;icon_size:12;auto_size:true;color:rgb(80,80,80);"/>
    </ToggleButton>
</Template>

<Template name="SysCloseButton">
    <Button>
        <Icon id="icon" style="code:58959;font_family:iconfont;icon_size:12;auto_size:true;color:white;"/>
    </Button>
</Template>


<Template name="SysTitleBar">
    <FlexLayout class="titlebar">
		<Label class="sys_title" style="flex:1"/>
		<SysMinButton id="sys_reload" style="icon#code:59020;"/>
		<SysMinButton id="sys_min"/>
		<SysMaxButton id="sys_max"/>
		<SysCloseButton id="sys_close"/>
    </FlexLayout>
</Template>






</sgui>