<sgui>
<Style>
.widget {
	flex:1;
}

.title{
	width:100%;
	height:20;
	halign:center;
	valign:center;
	ellipsis:...;
	font_family:RobotoMono;
}

Image{
	width:100;
	height:100;
	image:test.jpg;
	use_thumb:true;
	image_fill:fit_center
}
</Style>

<Template file="titlebar.xml"/>

<FlexLayout style="flex_direction:column;">
	<SysTitleBar style="sys_title.text:TradeGraph;"/>
	<FlexLayout style="flex_direction:row;flex:1;">
		<TradeLayout class="widget"/>
	</FlexLayout>
</FlexLayout>
</sgui>
