{
  "id": "",
  "name": "",
  "font_family": "iconfont",
  "css_prefix_text": "icon-",
  "description": "",
  "glyphs": [
    {
      "icon_id": "18309045",
      "name": "取消",
      "font_class": "quxiao",
      "unicode": "e601",
      "unicode_decimal": 58881
    },
    {
      "icon_id": "18310520",
      "name": "设置 未选中",
      "font_class": "shezhiweixuanzhong",
      "unicode": "e61d",
      "unicode_decimal": 58909
    },
    {
      "icon_id": "18311128",
      "name": "单选",
      "font_class": "danxuan",
      "unicode": "e638",
      "unicode_decimal": 58936
    },
    {
      "icon_id": "18311163",
      "name": "复选框 选中",
      "font_class": "fuxuankuangxuanzhong",
      "unicode": "e639",
      "unicode_decimal": 58937
    },
    {
      "icon_id": "18311176",
      "name": "复选框",
      "font_class": "fuxuankuang-true",
      "unicode": "e63a",
      "unicode_decimal": 58938
    },
    {
      "icon_id": "18311264",
      "name": "加号",
      "font_class": "jiahao",
      "unicode": "e63d",
      "unicode_decimal": 58941
    },
    {
      "icon_id": "18311268",
      "name": "搜索",
      "font_class": "sousuo",
      "unicode": "e63c",
      "unicode_decimal": 58940
    },
    {
      "icon_id": "18311491",
      "name": "下  拉",
      "font_class": "xiala",
      "unicode": "e646",
      "unicode_decimal": 58950
    },
    {
      "icon_id": "18311494",
      "name": "下载",
      "font_class": "xiazai01",
      "unicode": "e648",
      "unicode_decimal": 58952
    },
    {
      "icon_id": "18311584",
      "name": "最小化 细",
      "font_class": "zuixiaohuaxi",
      "unicode": "e64c",
      "unicode_decimal": 58956
    },
    {
      "icon_id": "18311585",
      "name": "最大化 细",
      "font_class": "zuidahuaxi",
      "unicode": "e64d",
      "unicode_decimal": 58957
    },
    {
      "icon_id": "18311586",
      "name": "恢复 细",
      "font_class": "huifuxi",
      "unicode": "e64e",
      "unicode_decimal": 58958
    },
    {
      "icon_id": "18311587",
      "name": "关闭 细",
      "font_class": "guanbixi",
      "unicode": "e64f",
      "unicode_decimal": 58959
    },
    {
      "icon_id": "18311718",
      "name": "上",
      "font_class": "shang",
      "unicode": "e65d",
      "unicode_decimal": 58973
    },
    {
      "icon_id": "18324178",
      "name": "勾",
      "font_class": "gou",
      "unicode": "e662",
      "unicode_decimal": 58978
    },
    {
      "icon_id": "18367981",
      "name": "全屏 (1)",
      "font_class": "quanping1",
      "unicode": "e67d",
      "unicode_decimal": 59005
    },
    {
      "icon_id": "18368443",
      "name": "刷新 (1)",
      "font_class": "shuaxin1",
      "unicode": "e68c",
      "unicode_decimal": 59020
    },
    {
      "icon_id": "18916433",
      "name": "编辑 (1)",
      "font_class": "bianji1",
      "unicode": "e6b8",
      "unicode_decimal": 59064
    },
    {
      "icon_id": "18916449",
      "name": "搜索",
      "font_class": "sousuo1",
      "unicode": "e6bb",
      "unicode_decimal": 59067
    },
    {
      "icon_id": "19043356",
      "name": "警示",
      "font_class": "jingshi",
      "unicode": "e6c5",
      "unicode_decimal": 59077
    }
  ]
}
